City,Cloudiness,Country,Date,Humidity,Lat,Lng,Max Temp,Wind Speed
Darnah,59,LY,1607801116,68,32.77,22.64,61.16,32.53
Bubaque,0,GW,1607801116,63,11.28,-15.83,82.24,14.27
Tarija,48,BO,1607801081,32,-21.54,-64.73,85.33,12.17
Port Hawkesbury,75,CA,1607801116,80,45.62,-61.35,37.0,9.17
Punta Arenas,40,CL,1607800930,46,-53.15,-70.92,53.6,28.86
Tuatapere,92,NZ,1607801116,78,-46.13,167.68,51.01,11.01
Ulaanbaatar,40,MN,1607801116,67,47.91,106.88,-23.8,2.71
Hobart,75,AU,1607801117,81,-42.88,147.33,53.6,8.05
Hong Kong,100,HK,1607801057,85,22.29,114.16,69.01,1.01
Nikel,77,RU,1607801117,92,69.41,30.22,21.2,25.28
Tasiilaq,100,GL,1607801117,89,65.61,-37.64,34.05,32.57
Leshukonskoye,100,RU,1607801117,97,64.9,45.76,15.75,3.83
Sinnamary,100,GF,1607801117,72,5.38,-52.95,82.76,7.2
Mataura,100,NZ,1607801117,78,-46.19,168.86,51.01,11.01
Sucúa,75,EC,1607801117,88,-2.47,-78.17,71.6,3.2
Usinsk,100,RU,1607801117,95,65.99,57.53,7.99,12.1
San Lorenzo,40,PY,1607801118,44,-25.33,-57.53,96.8,12.75
Avarua,6,CK,1607801118,78,-21.21,-159.78,82.4,5.82
Mount Gambier,100,AU,1607801118,28,-37.83,140.77,71.6,14.99
Albany,100,US,1607800819,79,42.6,-73.97,39.99,2.71
Antofagasta,20,CL,1607800843,64,-23.65,-70.4,71.01,17.22
Hermanus,61,ZA,1607801118,80,-34.42,19.23,64.0,10.02
Mosquera,40,CO,1607801118,59,4.71,-74.23,64.4,13.87
Cherëmukhovo,100,RU,1607801118,89,60.35,59.99,17.2,4.18
New Norfolk,100,AU,1607801118,72,-42.78,147.06,52.0,1.99
Tura,100,IN,1607801118,84,25.52,90.22,59.99,1.34
Puerto Ayora,20,EC,1607801118,65,-0.74,-90.35,82.4,23.04
Port Alfred,100,ZA,1607801119,95,-33.59,26.89,64.0,9.15
São João da Barra,20,BR,1607801119,70,-21.64,-41.05,84.2,13.87
Chui,48,UY,1607801119,36,-33.7,-53.46,81.14,8.32
Camacha,75,PT,1607801119,72,33.08,-16.33,62.6,8.05
Bredasdorp,0,ZA,1607801119,77,-34.53,20.04,62.6,2.24
Saldanha,44,ZA,1607801119,52,-33.01,17.94,64.4,12.75
Atuona,1,PF,1607801119,72,-9.8,-139.03,78.49,19.13
Busselton,100,AU,1607801119,97,-33.65,115.33,61.0,1.99
Tuktoyaktuk,75,CA,1607801119,74,69.45,-133.04,-27.4,3.36
Ribeira Grande,40,PT,1607801120,77,38.52,-28.7,62.6,27.51
Qaanaaq,99,GL,1607801120,79,77.48,-69.36,17.26,7.7
Barrow,1,US,1607801120,70,71.29,-156.79,-2.2,28.86
Laas,40,IT,1607801120,86,46.62,10.7,34.0,4.7
George Town,40,MY,1607801120,88,5.41,100.34,77.0,3.36
Mahbūbābād,0,IN,1607801120,79,17.62,80.02,67.91,4.81
Camopi,2,GF,1607801120,40,3.17,-52.32,92.17,5.61
Saint Paul Harbor,90,US,1607801120,86,57.79,-152.41,41.0,14.99
Grindavik,75,IS,1607801120,75,63.84,-22.43,42.8,21.92
Puerto Limón,0,CR,1607801120,70,10.0,-83.03,84.2,5.82
Rikitea,100,PF,1607801121,76,-23.12,-134.97,76.93,15.64
Aklavik,5,CA,1607801121,66,68.22,-135.01,-32.8,3.36
Kapaa,20,US,1607801121,69,22.08,-159.32,80.6,11.41
Korla,98,CN,1607800833,84,41.76,86.15,23.52,5.06
Khatanga,100,RU,1607801121,85,71.97,102.5,-19.03,11.52
Yellowknife,20,CA,1607800837,68,62.46,-114.35,-18.0,16.11
Butaritari,69,KI,1607801121,79,3.07,172.79,80.01,12.82
Lorengau,91,PG,1607801121,75,-2.02,147.27,82.65,6.71
Bowen,100,AU,1607801121,83,-20.02,148.23,73.4,8.05
Leningradskiy,100,RU,1607801121,95,69.38,178.42,10.71,8.05
Vaini,75,TO,1607801122,88,-21.2,-175.2,78.8,11.41
Imbituba,75,BR,1607801025,78,-28.24,-48.67,75.2,23.04
Ushuaia,89,AR,1607801122,51,-54.8,-68.3,48.47,8.9
Fukuechō,1,JP,1607801122,45,32.69,128.84,54.9,9.55
Hilo,90,US,1607801122,73,19.73,-155.09,75.99,3.36
Bambous Virieux,75,MU,1607801122,83,-20.34,57.76,75.2,11.41
Verkhoyansk,25,RU,1607801122,79,67.54,133.38,-41.89,1.07
Plavsk,98,RU,1607801122,97,53.71,37.29,24.78,15.68
Jamestown,90,US,1607800827,62,42.1,-79.24,51.8,11.41
Bluff,87,NZ,1607801123,78,-46.6,168.33,51.01,11.01
Nuristan,100,AF,1607801123,96,35.3,70.83,6.28,5.12
Mahébourg,75,MU,1607801123,83,-20.41,57.7,75.2,11.41
Gamba,100,GA,1607801123,89,-2.65,10.0,78.44,6.98
Upernavik,11,GL,1607801123,74,72.79,-56.15,14.7,3.62
Chokurdakh,99,RU,1607801123,83,70.63,147.92,-33.11,5.03
Beringovskiy,100,RU,1607801123,93,63.05,179.32,21.87,23.04
Simbahan,100,PH,1607801123,70,6.3,120.58,83.34,3.69
Port Augusta,90,AU,1607801123,78,-32.5,137.77,78.01,3.36
Tynda,32,RU,1607801123,79,55.17,124.72,-33.3,2.86
Cape Town,0,ZA,1607800961,68,-33.93,18.42,66.99,13.87
Unguía,100,CO,1607801124,65,8.04,-77.09,86.38,6.78
Qaqortoq,75,GL,1607801124,62,60.72,-46.03,23.0,2.24
Yangi Marg`ilon,90,UZ,1607801124,92,40.43,71.72,30.2,2.24
Vieste,40,IT,1607801124,93,41.88,16.18,51.01,5.82
Ketchikan,20,US,1607801124,86,55.34,-131.65,32.0,3.51
Alofi,100,NU,1607800831,85,-19.06,-169.92,78.44,28.5
Richards Bay,100,ZA,1607801124,91,-28.78,32.04,73.53,13.31
Souillac,75,MU,1607801124,83,-20.52,57.52,75.2,11.41
Aljezur,94,PT,1607800857,78,37.32,-8.8,60.01,4.54
Esperance,0,AU,1607801125,100,-33.87,121.9,57.2,6.93
Bhag,0,PK,1607801125,37,29.04,67.82,62.49,1.88
Owando,39,CG,1607801125,80,-0.48,15.9,75.34,2.93
Churapcha,100,RU,1607801125,78,62.0,132.43,-45.33,3.13
Arraial do Cabo,75,BR,1607801125,88,-22.97,-42.03,80.6,8.05
Meadow Lake,75,US,1607801125,55,34.8,-106.54,39.0,14.29
Banjar,40,ID,1607801125,88,-8.19,114.97,78.8,5.82
Carnarvon,40,AU,1607801057,88,-24.87,113.63,71.6,11.41
Naivasha,100,KE,1607801125,85,-0.72,36.44,59.0,11.01
Itoman,20,JP,1607801126,64,26.12,127.67,68.0,1.12
Dudinka,100,RU,1607801126,76,69.41,86.18,-4.0,29.08
Ussel,82,FR,1607801126,43,45.55,2.32,37.99,4.83
Airai,100,TL,1607801126,100,-8.93,125.41,61.5,2.21
Christchurch,23,NZ,1607801126,76,-43.53,172.63,57.0,1.12
Kangaatsiaq,100,GL,1607801126,84,68.31,-53.46,15.35,8.46
Moroto,71,UG,1607801126,43,2.53,34.67,72.19,11.95
Wajima,52,JP,1607801126,66,37.4,136.9,50.45,20.4
Geraldton,75,AU,1607801127,83,-28.77,114.6,69.8,14.99
Lüderitz,0,NA,1607800997,53,-26.65,15.16,73.4,23.04
City of San Pedro,40,PH,1607801096,78,14.35,121.02,82.4,4.7
Vardø,100,NO,1607801127,94,70.37,31.11,28.72,21.41
Port Elizabeth,40,ZA,1607801127,93,-33.92,25.57,62.6,4.7
La Ronge,100,CA,1607801127,92,55.1,-105.28,19.4,11.41
Rusape,56,ZW,1607801127,88,-18.53,32.13,65.32,6.29
Gornopravdinsk,93,RU,1607801127,95,60.05,69.9,11.86,5.59
Eyl,100,SO,1607801127,65,7.98,49.82,74.79,17.34
Buford,40,US,1607801028,63,34.12,-84.0,66.2,8.05
Dunedin,100,NZ,1607801127,66,-45.87,170.5,52.0,11.99
Baykit,58,RU,1607801128,80,61.67,96.37,-29.16,1.9
San Patricio,75,US,1607801128,73,28.02,-97.52,69.8,14.99
Sangar,54,RU,1607801128,78,63.92,127.47,-46.41,1.77
Aksu,99,CN,1607801128,98,41.12,80.26,24.3,2.68
Westport,90,US,1607800970,93,41.14,-73.36,50.0,10.29
Takoradze,97,GH,1607801128,84,4.88,-1.76,80.51,6.15
Nikolskoye,0,RU,1607801128,92,59.7,30.79,23.0,6.71
Najrān,0,SA,1607801128,36,17.49,44.13,60.8,0.89
Codrington,100,AU,1607801128,36,-38.27,141.97,65.95,11.27
Saquarema,75,BR,1607801007,86,-22.92,-42.51,80.6,5.82
Guanare,0,VE,1607801129,55,9.04,-69.74,85.98,4.9
Langxiang,46,CN,1607801129,90,46.95,128.88,-2.36,2.66
Fort Nelson,75,CA,1607801129,76,58.81,-122.7,-5.8,3.36
São José da Coroa Grande,6,BR,1607801129,70,-8.9,-35.15,80.51,11.74
Abhā,0,SA,1607801129,93,18.22,42.51,57.2,1.39
Ol'ga,92,RU,1607801129,82,43.74,135.29,10.9,5.37
Nizhniy Kuranakh,100,RU,1607801129,81,58.84,125.49,-32.55,1.28
Douentza,0,ML,1607801129,18,15.0,-2.95,77.02,7.43
Husavik,100,IS,1607800944,81,66.04,-17.34,41.0,33.33
Mar del Plata,0,AR,1607801130,38,-38.0,-57.56,73.4,16.11
Aloleng,1,PH,1607801130,81,16.13,119.78,80.13,4.05
Castro,93,BR,1607801028,58,-24.79,-50.01,78.21,4.97
Mehamn,100,NO,1607801130,96,71.04,27.85,28.27,9.66
Dem'yanovo,99,RU,1607801130,94,60.35,47.08,15.6,7.49
Krabi,20,TH,1607801130,100,8.07,98.91,73.4,4.05
Kapurthala Town,20,IN,1607801130,93,31.38,75.38,50.0,3.78
Karatuzskoye,100,RU,1607801131,95,53.61,92.87,8.69,4.47
Zabid,0,YE,1607801131,56,14.2,43.32,79.54,6.89
Bethel,90,US,1607801131,100,41.37,-73.41,45.0,2.62
Deogarh,0,IN,1607801131,49,21.53,84.73,65.05,1.86
Bolshevik,75,BY,1607801131,85,54.01,27.57,24.8,15.66
Hokitika,100,NZ,1607801131,83,-42.72,170.97,53.89,9.84
Beyneu,0,KZ,1607801131,93,45.32,55.2,19.72,12.91
Honolulu,20,US,1607801094,57,21.31,-157.86,80.6,13.87
Tucuruí,98,BR,1607801131,59,-3.77,-49.67,88.95,0.96
Muskegon,90,US,1607800897,86,43.3,-86.13,33.8,9.17
Katsuura,40,JP,1607801131,81,35.13,140.3,50.0,10.29
Dekar,4,BW,1607801132,41,-21.53,21.93,82.27,11.12
Oranjestad,40,AW,1607801096,70,12.52,-70.03,84.2,18.34
Gayny,100,RU,1607801132,94,60.31,54.32,14.7,6.8
Emerald,40,AU,1607801132,69,-23.53,148.17,73.4,6.93
Nanortalik,100,GL,1607801132,86,60.14,-45.24,32.14,10.54
Muros,100,ES,1607801132,92,42.78,-9.06,57.0,8.01
Thompson,90,CA,1607801132,84,55.74,-97.86,-2.2,3.36
Marabu,40,MY,1607801132,100,4.41,114.01,77.0,1.12
Havelock,92,US,1607801042,67,34.88,-76.9,69.01,5.99
Maku,100,IR,1607801133,81,39.29,44.45,34.83,2.73
Garoowe,70,SO,1607801133,44,8.41,48.48,71.33,16.98
Vila Velha,0,BR,1607801057,74,-20.33,-40.29,86.0,19.46
Hasaki,20,JP,1607801133,86,35.73,140.83,41.0,5.82
Krasnosel'kup,100,RU,1607801133,95,65.7,82.47,8.74,17.98
Conceição da Barra,0,BR,1607801133,69,-18.59,-39.73,80.67,12.39
Ukiah,90,US,1607801133,87,39.15,-123.21,53.01,3.6
Te Anau,7,NZ,1607801010,80,-45.42,167.72,45.0,0.72
Ubari,0,LY,1607801133,47,26.59,12.78,62.06,9.17
Pevek,100,RU,1607801134,85,69.7,170.31,5.97,0.85
Umm Kaddadah,0,SD,1607801134,19,13.6,26.69,76.84,10.71
Ust'-Kulom,95,RU,1607801134,97,61.69,53.69,18.72,4.79
Buguda,0,IN,1607801134,73,19.82,84.8,66.78,0.92
Safi,0,MA,1607801134,82,32.3,-9.24,63.54,18.01
Witu,1,KE,1607801134,78,-2.39,40.44,80.6,7.05
East London,40,ZA,1607801134,93,-33.02,27.91,64.4,6.93
Izumo,75,JP,1607801134,70,35.37,132.77,46.4,10.29
Huiloapan,14,MX,1607801134,43,18.75,-97.32,67.95,4.0
Bengkulu,98,ID,1607801134,78,-3.8,102.27,75.43,6.26
Batticaloa,100,LK,1607801135,76,7.71,81.69,77.52,5.99
Aasiaat,100,GL,1607801135,87,68.71,-52.87,13.42,5.95
Elizabeth City,90,US,1607800893,72,36.29,-76.25,66.0,8.05
Ponta do Sol,75,PT,1607801135,93,32.67,-17.1,62.6,4.7
Holbeach,100,GB,1607801135,92,52.8,0.01,44.01,11.12
Kulhudhuffushi,51,MV,1607801135,69,6.62,73.07,81.99,4.12
Hendek,75,TR,1607801135,45,40.8,30.75,64.4,2.24
Santa Fe,100,AR,1607801135,64,-31.63,-60.7,79.0,7.0
Banyo,6,CM,1607801135,41,6.75,11.82,73.44,5.57
Hornepayne,100,CA,1607801136,91,49.21,-84.77,10.87,9.95
São Félix do Xingu,85,BR,1607801136,52,-6.64,-51.99,89.96,4.14
Fairbanks,20,US,1607800880,75,64.84,-147.72,-4.0,5.82
Kovdor,100,RU,1607801136,97,67.57,30.48,19.04,4.47
Kirakira,0,SB,1607801136,77,-10.45,161.92,78.78,5.21
Honiara,20,SB,1607801136,88,-9.43,159.95,73.4,2.24
Nokaneng,100,BW,1607801136,58,-19.67,22.27,77.4,3.29
Cabo San Lucas,1,MX,1607801136,57,22.89,-109.91,78.01,3.0
Tiksi,35,RU,1607801136,82,71.69,128.87,-35.1,6.06
Dickinson,90,US,1607801137,82,29.46,-95.05,69.01,6.93
Provideniya,100,RU,1607801137,93,64.38,-173.3,10.96,30.53
Cascais,75,PT,1607800957,93,38.7,-9.42,62.01,3.36
Los Llanos de Aridane,20,ES,1607801137,72,28.66,-17.92,66.2,6.93
Longyearbyen,75,SJ,1607801137,78,78.22,15.64,14.0,3.36
Lazo,0,RU,1607801137,79,43.38,133.9,9.1,4.12
Tautira,75,PF,1607801137,66,-17.73,-149.15,84.2,10.29
Ormara,0,PK,1607801137,38,25.21,64.64,72.18,7.07
Walvis Bay,0,NA,1607801137,72,-22.96,14.51,62.6,10.29
Tupik,100,RU,1607801138,86,54.43,119.93,-12.93,3.22
Isiro,0,CD,1607801138,61,2.77,27.62,69.66,1.01
Vila,96,PT,1607801138,91,42.03,-8.16,51.01,5.01
Dingle,100,PH,1607801138,89,11.0,122.67,76.23,6.15
Matara,100,LK,1607801138,85,5.95,80.54,76.86,1.54
Hamilton,20,US,1607801138,77,39.18,-84.53,62.01,11.41
Port Lincoln,100,AU,1607801138,92,-34.73,135.87,66.22,24.47
Padang,100,ID,1607801138,66,-0.95,100.35,77.76,2.86
Tuim,100,RU,1607801138,89,54.34,89.93,7.18,5.28
Lipin Bor,17,RU,1607801139,96,60.26,37.98,16.88,6.53
Coyhaique,40,CL,1607801139,50,-45.58,-72.07,55.4,9.17
Seybaplaya,5,MX,1607801139,61,19.65,-90.67,80.28,7.25
Pisco,20,PE,1607801139,77,-13.7,-76.22,69.8,8.05
Linxia Chengguanzhen,100,CN,1607801139,92,35.6,103.21,16.34,3.87
Norman Wells,20,CA,1607801139,73,65.28,-126.83,-31.0,3.36
Cherskiy,100,RU,1607801139,90,68.75,161.3,-10.98,5.03
Kahului,20,US,1607800843,69,20.89,-156.47,75.99,12.75
Asău,100,RO,1607801140,89,46.43,26.4,33.01,3.22
Robertsport,36,LR,1607801140,82,6.75,-11.37,80.78,8.57
Sala Consilina,82,IT,1607801140,77,40.39,15.6,46.0,4.0
Dawlatabad,100,AF,1607801140,96,36.41,64.91,31.14,7.02
Seydi,91,TM,1607801140,98,39.48,62.91,26.1,6.35
Waddān,61,LY,1607801140,50,29.16,16.14,67.12,11.07
Dikson,100,RU,1607801140,91,73.51,80.55,-4.94,12.55
Salta,40,AR,1607800892,45,-24.79,-65.41,86.0,11.41
Alice Springs,90,AU,1607800983,83,-23.7,133.88,73.4,6.93
Córdoba,20,AR,1607800875,40,-31.41,-64.18,91.99,18.34
Quang Ngai,25,VN,1607801141,91,15.12,108.8,72.21,4.09
Acaraú,0,BR,1607801092,62,-2.89,-40.12,85.03,19.86
Lugano,0,CH,1607801141,93,46.01,8.96,37.0,2.24
Saint-Pierre,0,RE,1607801141,69,-21.34,55.48,75.2,14.99
Torbay,75,CA,1607801141,69,47.67,-52.73,36.0,11.41
Palmer,90,US,1607801141,100,42.16,-72.33,43.0,6.93
Avera,1,US,1607801142,49,33.19,-82.53,69.8,9.17
Saurimo,86,AO,1607801142,96,-9.66,20.39,66.45,5.23
Khandyga,91,RU,1607801142,77,62.67,135.6,-46.46,0.45
Skibbereen,75,IE,1607801142,87,51.55,-9.27,42.8,9.17
Hithadhoo,2,MV,1607801142,78,-0.6,73.08,81.72,15.52
Colares,75,PT,1607801142,93,38.8,-9.45,62.01,3.36
Ust-Kuyga,13,RU,1607801142,79,70.02,135.6,-38.92,4.12
West Bay,20,KY,1607801142,74,19.37,-81.42,84.2,12.75
Faanui,100,PF,1607801142,79,-16.48,-151.75,79.43,14.9
Cidreira,61,BR,1607801014,70,-30.18,-50.21,77.67,6.67
Lebu,100,CL,1607801143,97,-37.62,-73.65,57.31,13.87
Meulaboh,100,ID,1607801143,89,4.14,96.13,76.53,4.41
Fethiye,75,TR,1607801143,68,36.62,29.12,64.4,19.46
Alexandria,0,EG,1607801143,58,31.22,29.96,57.2,4.7
Ouésso,100,CG,1607801143,74,1.61,16.05,77.74,3.53
Kudahuvadhoo,52,MV,1607801143,72,2.67,72.89,82.81,10.69
Benjamin Constant,75,BR,1607801144,83,-4.38,-70.03,78.8,6.93
Cayenne,100,GF,1607801144,74,4.93,-52.33,84.2,9.17
Srednekolymsk,100,RU,1607801144,87,67.45,153.68,-21.87,5.68
Upington,0,ZA,1607801144,18,-28.45,21.26,73.4,4.7
Fomboni,70,KM,1607801144,74,-12.28,43.74,82.45,9.6
Caravelas,0,BR,1607801144,64,-17.71,-39.25,81.3,11.23
Kununurra,100,AU,1607801144,100,-15.77,128.73,78.8,5.82
Constitución,83,CL,1607800856,67,-35.33,-72.42,63.46,13.76
Bonavista,100,CA,1607801144,80,48.65,-53.11,33.8,3.36
Nyrob,100,RU,1607801145,96,60.73,56.72,16.38,6.58
Erzin,5,TR,1607800898,52,36.96,36.2,63.0,5.99
Sabang,95,ID,1607801145,77,5.89,95.32,80.51,5.41
Kozhva,98,RU,1607801145,95,65.11,57.05,7.25,5.44
Poso,99,ID,1607801145,76,-1.4,120.75,79.0,6.13
Samarai,19,PG,1607801145,79,-10.62,150.67,80.56,10.45
Sitka,90,US,1607801145,80,57.05,-135.33,39.2,5.82
Worland,90,US,1607801145,79,44.02,-107.96,25.0,11.41
Kutum,0,SD,1607801145,23,14.2,24.67,66.38,6.85
Sassandra,100,CI,1607801146,87,4.95,-6.08,78.48,5.68
Starkville,90,US,1607801063,87,33.45,-88.82,62.01,4.7
Yilan,75,TW,1607801146,88,24.76,121.75,66.0,9.17
Saint George,90,US,1607801146,81,37.1,-113.58,44.01,21.92
Bako,0,ET,1607801146,50,5.78,36.57,68.16,4.74
Benguela,40,AO,1607801146,75,-12.58,13.41,74.16,3.85
Benghazi,59,LY,1607801146,76,32.12,20.07,65.3,19.75
Labuhan,100,ID,1607801146,83,-6.88,112.21,78.17,9.95
Hofn,100,IS,1607801146,91,64.25,-15.21,40.42,26.22
Sept-Îles,0,CA,1607800884,62,50.2,-66.38,25.0,5.82
Tomatlán,100,MX,1607801146,45,19.93,-105.25,87.06,4.59
Benalla,100,AU,1607801147,76,-36.55,145.98,51.8,6.35
Arrondissement de Vichy,75,FR,1607801147,87,46.25,3.58,46.99,12.75
Chicama,40,PE,1607801147,82,-7.84,-79.15,66.2,9.17
Maniitsoq,100,GL,1607801147,83,65.42,-52.9,25.21,2.68
Laguna,75,US,1607800857,87,38.42,-121.42,50.0,12.75
Tromsø,75,NO,1607801147,93,69.65,18.96,32.0,5.82
Arman',92,RU,1607801147,85,59.7,150.17,-2.13,16.71
Paulista,40,BR,1607801147,61,-7.94,-34.87,82.4,10.29
Bathsheba,40,BB,1607800915,70,13.22,-59.52,84.2,12.75
Ilulissat,75,GL,1607801148,62,69.22,-51.1,19.4,4.7
Ekhabi,100,RU,1607801148,95,53.51,142.97,8.29,12.15
Saskylakh,6,RU,1607801148,82,71.92,114.08,-29.18,12.5
Severo-Kuril'sk,75,RU,1607801148,91,50.68,156.12,26.67,8.21
Mataram,75,ID,1607801128,94,-8.58,116.12,77.0,8.68
Praia da Vitória,75,PT,1607801148,77,38.73,-27.07,63.0,16.13
Abonnema,75,NG,1607801148,94,4.71,6.79,75.2,5.08
Mbulu,13,TZ,1607801148,85,-3.85,35.53,60.76,5.03
Maningrida,100,AU,1607801148,76,-12.07,134.27,81.7,2.15
Narsaq,75,GL,1607801149,62,60.92,-46.05,23.0,2.24
Ishinomaki,100,JP,1607801149,74,38.42,141.3,38.8,8.14
Grand Gaube,6,MU,1607801149,79,-20.01,57.66,73.99,5.99
Bilma,1,NE,1607801149,21,18.69,12.92,72.01,3.85
Egvekinot,68,RU,1607801149,89,66.32,-179.17,3.33,20.58
Abhaynagar,0,BD,1607801149,56,23.01,89.4,65.79,2.95
Salé,40,MA,1607801149,93,34.04,-6.82,59.0,4.36
Pechora,99,RU,1607801149,95,65.15,57.22,7.25,6.06
Ambilobe,77,MG,1607800926,85,-13.2,49.05,77.23,2.04
Bom Jesus,9,BR,1607801149,27,-9.07,-44.36,94.12,8.28
Atar,0,MR,1607801150,18,20.52,-13.05,70.05,8.05
Saint Anthony,90,US,1607801150,63,45.02,-93.22,32.0,11.41
Necochea,68,AR,1607800973,45,-38.55,-58.74,73.0,18.32
Tombouctou,0,ML,1607801150,22,20.0,-3.0,69.03,9.22
Biak,100,ID,1607801150,79,-0.91,122.88,77.49,2.13
Catuday,1,PH,1607801150,83,16.29,119.81,79.38,4.94
Chernyshevskiy,47,RU,1607801150,82,63.01,112.47,-40.9,3.6
Swan Hill,100,AU,1607801150,44,-35.34,143.55,69.15,16.51
Puri,0,IN,1607801150,88,19.8,85.85,68.0,3.36
Clyde River,90,CA,1607801151,92,70.47,-68.59,6.8,20.8
Mahon,40,ES,1607801151,87,39.89,4.27,51.8,6.93
Faribault,90,US,1607801151,74,44.3,-93.27,30.2,13.87
Coquimbo,20,CL,1607801040,72,-29.95,-71.34,62.6,14.99
Cap-aux-Meules,100,CA,1607801102,74,47.38,-61.86,33.8,17.22
Diego de Almagro,0,CL,1607801151,16,-26.37,-70.05,81.81,13.24
Deep River,90,CA,1607801151,98,46.1,-77.5,32.0,8.05
La Santisima Trinidad,40,BO,1607801151,62,-14.83,-64.9,89.6,14.99
Haines Junction,100,CA,1607801151,83,60.75,-137.51,-7.6,1.61
Puerto Escondido,100,MX,1607800994,65,15.85,-97.07,83.88,6.24
Ozernovskiy,77,RU,1607801151,93,51.5,156.52,27.45,9.6
Olafsvik,100,IS,1607801152,81,64.89,-23.71,39.11,20.85
Miandrivazo,100,MG,1607801152,77,-19.52,45.47,78.01,1.68
Bagotville,75,AU,1607801152,88,-28.98,153.42,68.0,20.8
Klaksvík,100,FO,1607801152,100,62.23,-6.59,42.8,17.22
Narganá,83,PA,1607801152,70,9.44,-78.59,82.83,12.86
Moundsville,90,US,1607801152,66,39.92,-80.74,57.0,14.99
Taltal,22,CL,1607801152,56,-25.4,-70.48,68.85,8.63
Salalah,0,OM,1607801152,25,17.02,54.09,73.4,3.36
Tabou,100,CI,1607801152,86,4.42,-7.35,79.27,7.7
Bandi̇̄pur,0,NP,1607801152,80,27.93,84.42,49.17,2.89
Normandin,100,CA,1607801153,85,48.83,-72.53,17.6,3.36
Kuito,100,AO,1607801153,87,-12.38,16.93,63.3,2.71
Chunskiy,98,RU,1607801153,91,56.08,99.63,-5.21,0.94
Nipawin,90,CA,1607801153,85,53.37,-104.0,21.2,14.99
Touros,20,BR,1607801153,62,-5.2,-35.46,84.2,13.87
Caucayá,96,CO,1607801153,72,-0.19,-74.78,84.38,5.12
Pacific Grove,90,US,1607801153,93,36.62,-121.92,57.2,6.93
Mossamedes,0,AO,1607801153,67,-15.2,12.15,69.03,3.65
Kariba,95,ZW,1607801153,71,-16.52,28.8,77.14,1.28
Port Hedland,40,AU,1607801153,83,-20.32,118.57,75.2,5.82
Atasū,0,KZ,1607801153,93,48.68,71.64,-2.76,2.8
Byumba,40,RW,1607801154,64,-1.58,30.07,71.6,6.93
Kimbe,82,PG,1607801154,87,-5.55,150.14,76.17,2.44
Banda Aceh,93,ID,1607801154,80,5.56,95.32,78.12,4.85
Nagornyy,75,RU,1607801154,78,52.8,83.55,10.4,11.18
Flinders,84,AU,1607801154,89,-34.58,150.86,62.01,4.0
Russell,90,US,1607801154,56,32.35,-85.2,71.6,9.17
San Andrés,20,CO,1607801154,70,12.58,-81.7,86.0,11.41
Rudnyy,0,KZ,1607801154,76,52.96,63.12,-4.0,4.47
Henties Bay,0,NA,1607801155,84,-22.12,14.28,62.01,8.01
La Joya,100,MX,1607801155,41,18.67,-99.47,86.0,1.99
Saint-Philippe,0,RE,1607801155,69,-21.36,55.77,75.2,14.99
Talnakh,100,RU,1607801155,76,69.49,88.4,-4.0,29.08
Cheyenne,75,US,1607801155,92,41.14,-104.82,24.01,9.17
Naze,40,JP,1607800928,68,28.37,129.48,66.2,12.75
Nuuk,75,GL,1607801155,53,64.18,-51.72,21.2,3.36
Srandakan,16,ID,1607801155,86,-7.94,110.25,76.48,3.85
North Bend,1,US,1607801155,75,43.41,-124.22,46.4,8.05
Bad Hofgastein,100,AT,1607801156,95,47.17,13.1,32.0,0.81
Zyuzel'skiy,0,RU,1607801156,72,56.49,60.13,15.8,15.66
Dawei,27,MM,1607801156,84,14.08,98.2,73.65,2.42
Bud,90,US,1607801156,75,39.45,-86.18,46.99,14.99
Yulara,75,AU,1607801156,83,-25.24,130.99,73.4,8.05
Totness,100,SR,1607801156,74,5.88,-56.32,82.51,9.86
Pundaguitan,100,PH,1607801156,74,6.37,126.17,83.01,9.55
Gushikawa,1,JP,1607801156,87,26.35,127.87,68.0,4.7
Yerbogachën,24,RU,1607801156,79,61.28,108.01,-39.55,5.46
Belomorsk,100,RU,1607801157,98,64.52,34.77,30.36,4.12
Lincoln,75,US,1607801104,80,40.8,-96.67,34.0,13.87
Kavaratti,0,IN,1607801157,75,10.57,72.64,82.29,8.16
San Policarpo,76,PH,1607801157,81,12.18,125.51,81.14,6.58
Kiryat Gat,20,IL,1607801157,67,31.61,34.76,63.0,3.36
Altay,49,CN,1607801157,53,47.87,88.12,-0.04,3.22
Kathmandu,20,NP,1607801096,87,27.72,85.32,44.6,3.36
Chancay,40,PE,1607801157,64,-11.57,-77.27,73.4,9.17
Timberlake,20,US,1607801103,48,37.32,-79.26,64.99,11.41
Pechenga,73,RU,1607801158,92,69.53,31.17,21.2,25.28
Rio Grande,0,BR,1607801158,62,-32.03,-52.1,84.2,4.7
Saint-Augustin,0,CA,1607801158,89,51.23,-58.65,22.23,12.8
Vágur,85,FO,1607801158,82,61.47,-6.81,46.76,24.49
Thai Nguyen,40,VN,1607801102,94,21.59,105.84,68.0,8.05
Manaure,100,CO,1607801158,58,11.78,-72.44,85.98,19.13
Ribiţa,100,RO,1607801158,78,46.18,22.77,40.84,2.08
Cairns,40,AU,1607801158,83,-16.92,145.77,73.4,8.05
Maumere,100,ID,1607801158,88,-8.62,122.21,76.62,6.58
Huarmey,14,PE,1607801159,64,-10.07,-78.15,74.17,12.55
Keti Bandar,0,PK,1607801159,37,24.14,67.45,66.47,6.2
Lagoa,100,PT,1607801159,71,39.05,-27.98,62.31,31.97
Mossendjo,100,CG,1607801159,97,-2.95,12.73,71.42,2.55
Talara,0,PE,1607801159,51,-4.58,-81.27,82.4,21.92
Zhangaözen,0,KZ,1607800873,95,43.3,52.8,25.3,13.02
Curup,93,ID,1607801159,69,-3.47,102.53,66.9,2.19
Cortez,90,US,1607801159,80,37.35,-108.59,30.2,6.93
Qandala,18,SO,1607801159,50,11.47,49.87,75.04,6.22
Noumea,100,NC,1607801020,100,-22.28,166.46,79.0,1.12
Abancay,40,PE,1607801160,67,-13.63,-72.88,57.2,9.17
Guarapari,0,BR,1607801160,74,-20.67,-40.5,86.0,19.46
Sai Buri,100,TH,1607801160,87,6.7,101.62,77.09,3.67
Tumut,7,AU,1607801160,81,-35.3,148.22,52.0,3.29
Kaitangata,100,NZ,1607801160,68,-46.28,169.85,51.01,11.01
Shangrao,99,CN,1607801161,80,28.45,117.97,52.79,1.45
Miraflores,90,MX,1607801161,37,19.22,-98.81,73.99,1.01
São Gabriel da Cachoeira,40,BR,1607801127,78,-0.13,-67.09,82.4,12.75
Entre Rios,0,BR,1607801161,47,-11.94,-38.08,83.19,10.31
Naryan-Mar,100,RU,1607801161,97,67.67,53.09,19.69,12.1
Tanete,95,ID,1607801161,84,-3.94,119.78,76.26,3.49
Sochi,90,RU,1607800994,57,43.6,39.73,52.0,6.71
Tenancingo,100,MX,1607801162,39,19.15,-98.18,69.4,8.66
San Quintín,100,MX,1607801162,59,30.48,-115.95,62.8,12.41
Adrar,0,MR,1607801162,22,20.5,-10.07,65.16,8.79
Killybegs,40,IE,1607801162,93,54.63,-8.45,41.0,9.17
Giohar,27,SO,1607801162,70,2.78,45.5,73.45,14.76
Nsanje,53,MW,1607801162,81,-16.92,35.26,78.3,1.52
Chokwé,0,MZ,1607801162,49,-24.53,32.98,85.53,10.38
Chapais,75,CA,1607801162,78,49.78,-74.85,12.2,8.05
Tilichiki,100,RU,1607801162,94,60.47,166.1,1.0,11.05
Hualmay,6,PE,1607801162,65,-11.1,-77.61,73.63,10.71
Margate,100,GB,1607801163,81,51.38,1.39,46.99,4.0
Atambua,100,ID,1607801163,95,-9.11,124.89,73.17,3.94
Puerto Cabezas,75,NI,1607801163,89,14.04,-83.39,84.2,9.17
São Filipe,74,CV,1607801163,74,14.9,-24.5,76.64,13.13
Celestún,84,MX,1607801163,58,20.87,-90.4,79.21,3.22
Luanda,0,AO,1607801146,78,-8.84,13.23,77.0,9.17
Osečina,90,RS,1607801163,100,44.37,19.6,42.01,0.67
Whitehorse,90,CA,1607801163,84,60.72,-135.05,7.0,13.87
Ghanzi,8,BW,1607801163,39,-21.57,21.78,82.94,5.64
Severobaykal'sk,95,RU,1607801164,83,55.65,109.32,-11.6,10.54
Charters Towers,87,AU,1607801164,80,-20.1,146.27,71.17,5.06
Agadez,0,NE,1607801164,21,19.75,10.25,73.06,8.28
Ilhabela,100,BR,1607801164,77,-23.78,-45.36,77.83,4.92
San Juan,0,AR,1607801164,11,-31.54,-68.54,97.0,7.7
Ulladulla,90,AU,1607801164,100,-35.35,150.47,59.0,4.7
Margherita,0,IN,1607801164,82,27.28,95.68,60.53,1.7
Road Town,40,VG,1607801164,70,18.42,-64.62,84.2,8.05
Shimoda,77,JP,1607801164,91,34.67,138.95,45.0,0.63
Teófilo Otoni,0,BR,1607800924,66,-17.86,-41.51,81.93,7.27
‘Āhuimanu,20,US,1607801165,69,21.44,-157.84,80.6,10.29
Poum,2,NC,1607801165,81,-20.23,164.02,80.28,26.22
Sillod,75,IN,1607801165,73,20.3,75.65,69.8,6.8
Tonantins,76,BR,1607801165,60,-2.87,-67.8,89.02,2.01
Toora-Khem,100,RU,1607801165,85,52.47,96.11,-4.94,2.66
Saulkrasti,90,LV,1607801165,79,57.26,24.41,28.4,9.17
Bridgetown,40,BB,1607800999,70,13.1,-59.62,84.2,12.75
Kruisfontein,100,ZA,1607801165,89,-34.0,24.73,64.99,3.04
Burnie,100,AU,1607801165,80,-41.07,145.92,57.0,10.0
Hīt,26,IQ,1607801166,51,33.64,42.83,58.17,7.94
Mehrān,0,IR,1607801166,93,33.12,46.16,35.6,6.93
Nara,5,JP,1607801166,70,34.69,135.8,48.99,4.43
Cabinda,100,AO,1607801166,85,-5.55,12.2,77.97,7.11
Zhireken,31,RU,1607801166,82,52.82,117.31,-12.37,2.35
Lokosovo,72,RU,1607801166,94,61.13,74.82,2.64,5.48
Zhigansk,50,RU,1607801166,76,66.77,123.37,-46.17,5.44
Panzhihua,8,CN,1607801166,68,26.59,101.71,50.92,0.36
Camocim,44,BR,1607801021,55,-2.9,-40.84,87.49,18.39
Khovd,1,MN,1607801167,67,48.01,91.64,-4.11,0.65
Mahon,40,ES,1607801167,87,39.89,4.27,51.8,6.93
Saint-Louis,0,SN,1607801167,28,16.33,-15.0,82.4,2.24
Alugan,88,PH,1607801167,83,12.22,125.48,80.58,6.42
Port Keats,100,AU,1607801167,78,-14.25,129.55,82.29,5.08
Liverpool,5,GB,1607801167,93,53.41,-2.98,44.6,5.82
Nakhon Phanom,0,TH,1607801168,85,17.33,104.42,68.65,1.97
Ancud,90,CL,1607801168,62,-41.87,-73.82,60.01,10.29
Ambanja,100,MG,1607801168,86,-13.68,48.45,77.25,3.04
Copiapó,0,CL,1607801168,60,-27.37,-70.33,68.0,13.87
Ixtapa,97,MX,1607801168,50,20.7,-105.2,84.06,3.67
Gogrial,1,SS,1607801168,22,8.53,28.1,85.28,5.53
Qidong,0,CN,1607801168,95,31.81,121.66,46.99,3.2
Ugoofaaru,100,MV,1607801168,72,5.67,73.0,81.05,3.04
Nueva Loja,75,EC,1607801169,78,0.08,-76.88,80.6,13.87
Adamantas,100,GR,1607801169,77,36.73,24.43,60.8,9.17
Sobolevo,100,RU,1607801169,96,54.43,31.9,21.13,11.74
Mayo,1,US,1607801169,82,38.89,-76.51,62.01,10.29
Rawson,71,AR,1607801169,27,-43.3,-65.1,65.64,8.03
Oktyabr'skiy,3,RU,1607801169,93,54.48,53.47,4.53,3.62
Reporoa,10,NZ,1607801137,81,-38.43,176.35,53.01,5.01
Nantucket,90,US,1607801170,93,41.28,-70.1,55.4,6.93
Havøysund,100,NO,1607801170,86,71.0,24.66,33.8,13.87
Chilca,40,PE,1607801170,64,-12.52,-76.74,73.4,9.17
Una,0,IN,1607801170,78,20.82,71.03,71.53,7.74
Novobiryusinskiy,98,RU,1607801170,90,56.96,97.71,-10.68,1.74
Mareeba,40,AU,1607801170,83,-17.0,145.43,73.4,8.05
Aykhal,0,RU,1607801170,59,66.0,111.5,-32.8,4.47
Kieta,41,PG,1607801170,76,-6.22,155.63,79.18,3.51
Mogadishu,69,SO,1607801154,75,2.04,45.34,78.19,20.13
Lewiston,1,US,1607801036,74,44.1,-70.21,41.0,5.82
Plettenberg Bay,75,ZA,1607801171,78,-34.05,23.37,64.11,6.96
Hanamaki,78,JP,1607801171,87,39.38,141.12,34.23,2.1
Cape Canaveral,75,US,1607800920,88,28.41,-80.6,72.0,6.93
Arrecife,75,ES,1607801171,72,28.96,-13.55,66.2,10.29
Departamento de Maldonado,0,UY,1607801005,27,-34.67,-54.92,87.8,8.05
Chapecó,12,BR,1607801155,38,-27.1,-52.62,90.0,4.68
Ţahţā,0,EG,1607801171,39,26.77,31.5,69.8,2.24
Pyapon,0,MM,1607801171,73,16.28,95.68,69.03,5.19
Nainpur,94,IN,1607801172,57,22.43,80.12,66.87,0.36
Marsá Maţrūḩ,100,EG,1607801172,34,31.35,27.25,64.47,16.93
Andenes,100,NO,1607801172,81,69.31,16.12,34.0,8.05
Mumford,99,GH,1607801172,84,5.26,-0.76,80.74,6.8
Dārāb,0,IR,1607801172,47,28.75,54.54,50.32,1.43
Isangel,40,VU,1607801172,83,-19.55,169.27,79.75,16.6
Dongsheng,1,CN,1607801172,87,39.82,109.98,0.46,16.49
Labuan,20,MY,1607800962,94,5.28,115.24,77.0,4.59
Gannan,53,CN,1607801172,77,47.91,123.5,-0.44,6.22
Fortuna,100,US,1607801173,89,40.6,-124.16,53.01,4.0
Lukulu,100,ZM,1607801173,80,-14.37,23.24,71.55,4.45
Mayor Pablo Lagerenza,90,PY,1607801173,33,-19.93,-60.77,97.52,10.98
Wānkāner,0,IN,1607800933,82,22.62,70.93,73.0,3.36
San Ramon,90,US,1607800905,87,37.78,-121.98,52.0,11.41
Pontes e Lacerda,58,BR,1607801173,51,-15.23,-59.34,89.31,5.44
Saint-Joseph,0,RE,1607801173,69,-21.37,55.62,75.2,14.99
Hervey Bay,90,AU,1607801173,90,-25.3,152.85,66.99,4.0
Finote Selam,33,ET,1607801173,51,10.7,37.27,62.91,3.53
Southbridge,100,US,1607801173,99,42.08,-72.03,39.99,6.6
Dauphin,90,CA,1607801174,89,51.15,-100.05,23.0,3.87
Rzhaksa,100,RU,1607801174,88,52.13,42.03,18.0,15.99
Moree,41,AU,1607801174,72,-29.47,149.85,59.0,9.17
Toktogul,0,KG,1607801174,76,41.87,72.94,28.24,2.26
Anzio,100,IT,1607801174,84,41.49,12.62,51.01,4.0
Banfora,0,BF,1607801174,17,10.63,-4.77,83.34,3.38
Paita,0,PE,1607801174,51,-5.09,-81.11,82.4,21.92
Moanda,40,GA,1607801175,88,-1.56,13.22,78.8,2.24
Vermilion,90,US,1607801129,93,40.17,-87.75,43.0,16.11
Mount Isa,98,AU,1607801175,54,-20.73,139.5,80.6,5.82
Nurota,75,UZ,1607801175,63,40.56,65.69,30.2,4.7
Sioux Lookout,90,CA,1607801139,78,50.1,-91.92,10.4,4.7
Makaha,20,US,1607801175,83,21.47,-158.22,80.6,5.82
Humaitá,89,BR,1607801175,70,-7.51,-63.02,82.71,3.94
Waipawa,64,NZ,1607801175,67,-41.41,175.52,59.0,14.99
Ballarat,100,AU,1607800876,64,-37.57,143.85,61.0,1.01
Rock Sound,84,BS,1607801175,72,24.9,-76.2,75.87,13.87
Faya,0,SA,1607801175,93,18.39,42.45,57.2,2.04
Lumeje,100,AO,1607801176,90,-11.55,20.78,68.02,5.17
Birjand,75,IR,1607801176,74,32.87,59.22,37.4,4.0
Hambantota,90,LK,1607801176,100,6.12,81.12,77.0,4.7
Hopelchén,1,MX,1607801176,44,19.77,-89.85,85.95,3.29
Solnechnyy,100,RU,1607801176,91,50.72,136.63,2.88,1.83
Kargasok,97,RU,1607801176,95,59.06,80.86,5.56,7.16
Salinópolis,100,BR,1607801033,69,-0.61,-47.36,84.24,12.75
Doba,0,TD,1607801177,22,8.65,16.85,79.95,1.9
Okha,100,RU,1607801177,96,53.57,142.95,9.61,12.71
Alta Floresta,40,BR,1607801177,62,-9.88,-56.09,89.6,4.7
Begowāl,20,IN,1607801177,93,31.62,75.52,50.0,3.76
Hohhot,0,CN,1607801177,54,40.81,111.65,3.2,8.95
Vanimo,79,PG,1607801177,84,-2.67,141.3,78.48,4.29
